{
  "name": "ep2",
  "title": "Eclipse Phase 2",
  "description": "The Eclipse Phase 2e system for FoundryVTT!",
  "version": "0.0.1",
  "minimumCoreVersion": "0.5.5",
  "compatibleCoreVersion": "0.5.5",
  "templateVersion": 2,
  "author": "Asacolips",
  "esmodules": ["module/ep2.js"],
  "styles": ["css/ep2.css"],
  "scripts": [],
  "packs": [],
  "languages": [
    {
      "lang": "en",
      "name": "English",
      "path": "lang/en.json"
    }
  ],
  "gridDistance": 1,
  "gridUnits": "m",
  "primaryTokenAttribute": "health",
  "secondaryTokenAttribute": "power",
  "url": "",
  "manifest": "",
  "download": "",
  "license": "LICENSE.txt"
}
