{
  "Actor": {
    "types": ["character", "npc"],
    "templates": {
      "base": {
        "damage": {
          "value": 0
        },
        "wounds": {
          "value": 0
        }
      }
    },
    "character": {
      "templates": ["base"],
      "biography": "",
      "aptitudes": {
        "cognition": {
          "description": "represents your intelligence, problem-solving talent, and capacity for logical analysis.",
          "short_name": "COG",
          "value": 10
        },
        "intuition": {
          "description": "is your gut instinct and ability to evaluate on the fly.  It includes physical awareness, creativity, cleverness, and cunning.",
          "short_name": "INT",
          "value": 10
        },
        "reflexes": {
          "description": "is your coordination, manual dexterity, nimbleness, balance, and reaction speed.",
          "short_name": "REF",
          "value": 10
        },
        "savvy": {
          "description": "represents your social awareness, adaptability, empathy, and ability to influence others.",
          "short_name": "SAV",
          "value": 10
        },
        "somatics": {
          "description": "is how well you can exploit your morph's physical capabilities, including strength, stamina, and sustained positioning and motion.",
          "short_name": "SOM",
          "value": 10
        },
        "willpower": {
          "description": "is your self-control, mental fortitude, and strength of personality.",
          "short_name": "WIL",
          "value": 10
        }
      }
    }
  },
  "Item": {
    "types": ["item", "feature", "spell", "morph", "gear"],
    "templates": {
      "base": {
        "description": "",
        "reference": "",
	    "notes": "",
        "resource": "Eclipse Phase Second Edition"
      }
    },
    "item": {
      "templates": ["base"],
      "quantity": 1,
      "weight": 0
    },
    "morph": {
      "templates": ["base"],
      "availability": 0,
      "book": "",
      "type": "biomorph",
      "cost": 1,
      "wound_threshold": 7,
      "durability": 30,
      "death_rating": 45,
      "pools": {
        "insight": 0,
        "moxie": 0,
        "vigor": 0,
        "flex": 0
      },
      "movement_rate": {
        "walker": {
          "base": 4,
          "full": 20
        }
      }
    },
    "gear": {
      "templates": ["base"],
      "gp": 1
    },
    "weapon": {
      "templates": ["base"],
      "gp": 1,
      "damage": "2d10",
      "damage_avg": "11",
	  "name": "",
      "subcategory": "Melee Ware",
      "waretype": "CH",
      "complexity": "Min"
    }
  }
}
